{
	"class_name" : "PinholeCameraParameters",
	"extrinsic" : 
	[
		0.63886385711311533,
		-0.028168596640086536,
		0.76880394265240426,
		0.0,
		0.078341665634597324,
		-0.99175244685796571,
		-0.10143799868311178,
		0.0,
		0.76532055734845528,
		0.12503445251036266,
		-0.63138801872167638,
		0.0,
		0.32192485947806349,
		1.3196791493525366,
		6.5546671889797423,
		1.0
	],
	"intrinsic" : 
	{
		"height" : 1080,
		"intrinsic_matrix" : 
		[
			935.30743608719399,
			0.0,
			0.0,
			0.0,
			935.30743608719399,
			0.0,
			959.5,
			539.5,
			1.0
		],
		"width" : 1920
	},
	"version_major" : 1,
	"version_minor" : 0
}